{
  "x-generator": "NSwag v13.18.0.0 (NJsonSchema v10.8.0.0 (Newtonsoft.Json v13.0.0.0))",
  "openapi": "3.0.0",
  "info": {
    "title": "CleanArchitecture API",
    "version": "1.0.0"
  },
  "paths": {
    "/api/TodoItems": {
      "post": {
        "tags": [
          "TodoItems"
        ],
        "operationId": "TodoItems_PostTodoItem",
        "requestBody": {
          "x-name": "request",
          "content": {
            "application/json": {
              "schema": {
                "$ref": "#/components/schemas/CreateTodoItemRequest"
              }
            }
          },
          "required": true,
          "x-position": 1
        },
        "responses": {
          "200": {
            "description": "",
            "content": {
              "application/json": {
                "schema": {
                  "type": "integer",
                  "format": "int32"
                }
              }
            }
          }
        }
      }
    },
    "/api/TodoItems/{id}": {
      "put": {
        "tags": [
          "TodoItems"
        ],
        "operationId": "TodoItems_PutTodoItem",
        "parameters": [
          {
            "name": "id",
            "in": "path",
            "required": true,
            "schema": {
              "type": "integer",
              "format": "int32"
            },
            "x-position": 1
          }
        ],
        "requestBody": {
          "x-name": "request",
          "content": {
            "application/json": {
              "schema": {
                "$ref": "#/components/schemas/UpdateTodoItemRequest"
              }
            }
          },
          "required": true,
          "x-position": 2
        },
        "responses": {
          "204": {
            "description": ""
          },
          "400": {
            "description": "",
            "content": {
              "application/json": {
                "schema": {
                  "$ref": "#/components/schemas/ProblemDetails"
                }
              }
            }
          },
          "default": {
            "description": "",
            "content": {
              "application/json": {
                "schema": {
                  "$ref": "#/components/schemas/ProblemDetails"
                }
              }
            }
          }
        }
      },
      "delete": {
        "tags": [
          "TodoItems"
        ],
        "operationId": "TodoItems_DeleteTodoItem",
        "parameters": [
          {
            "name": "id",
            "in": "path",
            "required": true,
            "schema": {
              "type": "integer",
              "format": "int32"
            },
            "x-position": 1
          }
        ],
        "responses": {
          "204": {
            "description": ""
          },
          "default": {
            "description": "",
            "content": {
              "application/json": {
                "schema": {
                  "$ref": "#/components/schemas/ProblemDetails"
                }
              }
            }
          }
        }
      }
    },
    "/api/TodoLists": {
      "get": {
        "tags": [
          "TodoLists"
        ],
        "operationId": "TodoLists_GetTodoLists",
        "responses": {
          "200": {
            "description": "",
            "content": {
              "application/json": {
                "schema": {
                  "$ref": "#/components/schemas/TodosVm"
                }
              }
            }
          }
        }
      },
      "post": {
        "tags": [
          "TodoLists"
        ],
        "operationId": "TodoLists_PostTodoList",
        "requestBody": {
          "x-name": "request",
          "content": {
            "application/json": {
              "schema": {
                "$ref": "#/components/schemas/CreateTodoListRequest"
              }
            }
          },
          "required": true,
          "x-position": 1
        },
        "responses": {
          "200": {
            "description": "",
            "content": {
              "application/json": {
                "schema": {
                  "type": "integer",
                  "format": "int32"
                }
              }
            }
          }
        }
      }
    },
    "/api/TodoLists/{id}": {
      "put": {
        "tags": [
          "TodoLists"
        ],
        "operationId": "TodoLists_PutTodoList",
        "parameters": [
          {
            "name": "id",
            "in": "path",
            "required": true,
            "schema": {
              "type": "integer",
              "format": "int32"
            },
            "x-position": 1
          }
        ],
        "requestBody": {
          "x-name": "request",
          "content": {
            "application/json": {
              "schema": {
                "$ref": "#/components/schemas/UpdateTodoListRequest"
              }
            }
          },
          "required": true,
          "x-position": 2
        },
        "responses": {
          "204": {
            "description": ""
          },
          "400": {
            "description": "",
            "content": {
              "application/json": {
                "schema": {
                  "$ref": "#/components/schemas/ProblemDetails"
                }
              }
            }
          },
          "default": {
            "description": "",
            "content": {
              "application/json": {
                "schema": {
                  "$ref": "#/components/schemas/ProblemDetails"
                }
              }
            }
          }
        }
      },
      "delete": {
        "tags": [
          "TodoLists"
        ],
        "operationId": "TodoLists_DeleteTodoList",
        "parameters": [
          {
            "name": "id",
            "in": "path",
            "required": true,
            "schema": {
              "type": "integer",
              "format": "int32"
            },
            "x-position": 1
          }
        ],
        "responses": {
          "204": {
            "description": ""
          },
          "default": {
            "description": "",
            "content": {
              "application/json": {
                "schema": {
                  "$ref": "#/components/schemas/ProblemDetails"
                }
              }
            }
          }
        }
      }
    },
    "/api/WeatherForecast": {
      "get": {
        "tags": [
          "WeatherForecast"
        ],
        "operationId": "WeatherForecast_Get",
        "responses": {
          "200": {
            "description": "",
            "content": {
              "application/json": {
                "schema": {
                  "type": "array",
                  "items": {
                    "$ref": "#/components/schemas/WeatherForecast"
                  }
                }
              }
            }
          }
        },
        "security": [
          {
            "JWT": []
          }
        ]
      }
    },
    "/api/Admin/AccessControl": {
      "get": {
        "tags": [
          "AccessControl"
        ],
        "operationId": "AccessControl_GetConfiguration",
        "responses": {
          "200": {
            "description": "",
            "content": {
              "application/json": {
                "schema": {
                  "$ref": "#/components/schemas/AccessControlVm"
                }
              }
            }
          }
        },
        "security": [
          {
            "JWT": []
          }
        ]
      },
      "put": {
        "tags": [
          "AccessControl"
        ],
        "operationId": "AccessControl_UpdateConfiguration",
        "requestBody": {
          "x-name": "updatedRole",
          "content": {
            "application/json": {
              "schema": {
                "$ref": "#/components/schemas/RoleDto"
              }
            }
          },
          "required": true,
          "x-position": 1
        },
        "responses": {
          "204": {
            "description": ""
          }
        },
        "security": [
          {
            "JWT": []
          }
        ]
      }
    },
    "/api/Admin/Roles": {
      "get": {
        "tags": [
          "Roles"
        ],
        "operationId": "Roles_GetRoles",
        "responses": {
          "200": {
            "description": "",
            "content": {
              "application/json": {
                "schema": {
                  "$ref": "#/components/schemas/RolesVm"
                }
              }
            }
          }
        },
        "security": [
          {
            "JWT": []
          }
        ]
      },
      "post": {
        "tags": [
          "Roles"
        ],
        "operationId": "Roles_PostRole",
        "requestBody": {
          "x-name": "newRole",
          "content": {
            "application/json": {
              "schema": {
                "$ref": "#/components/schemas/RoleDto"
              }
            }
          },
          "required": true,
          "x-position": 1
        },
        "responses": {
          "204": {
            "description": ""
          },
          "default": {
            "description": "",
            "content": {
              "application/json": {
                "schema": {
                  "$ref": "#/components/schemas/ProblemDetails"
                }
              }
            }
          }
        },
        "security": [
          {
            "JWT": []
          }
        ]
      }
    },
    "/api/Admin/Roles/{id}": {
      "put": {
        "tags": [
          "Roles"
        ],
        "operationId": "Roles_PutRole",
        "parameters": [
          {
            "name": "id",
            "in": "path",
            "required": true,
            "schema": {
              "type": "string",
              "nullable": true
            },
            "x-position": 1
          }
        ],
        "requestBody": {
          "x-name": "updatedRole",
          "content": {
            "application/json": {
              "schema": {
                "$ref": "#/components/schemas/RoleDto"
              }
            }
          },
          "required": true,
          "x-position": 2
        },
        "responses": {
          "204": {
            "description": ""
          },
          "400": {
            "description": "",
            "content": {
              "application/json": {
                "schema": {
                  "$ref": "#/components/schemas/ProblemDetails"
                }
              }
            }
          }
        },
        "security": [
          {
            "JWT": []
          }
        ]
      },
      "delete": {
        "tags": [
          "Roles"
        ],
        "operationId": "Roles_DeleteRole",
        "parameters": [
          {
            "name": "id",
            "in": "path",
            "required": true,
            "schema": {
              "type": "string",
              "nullable": true
            },
            "x-position": 1
          }
        ],
        "responses": {
          "204": {
            "description": ""
          },
          "404": {
            "description": "",
            "content": {
              "application/json": {
                "schema": {
                  "$ref": "#/components/schemas/ProblemDetails"
                }
              }
            }
          }
        },
        "security": [
          {
            "JWT": []
          }
        ]
      }
    },
    "/api/Admin/Users": {
      "get": {
        "tags": [
          "Users"
        ],
        "operationId": "Users_GetUsers",
        "responses": {
          "200": {
            "description": "",
            "content": {
              "application/json": {
                "schema": {
                  "$ref": "#/components/schemas/UsersVm"
                }
              }
            }
          }
        },
        "security": [
          {
            "JWT": []
          }
        ]
      }
    },
    "/api/Admin/Users/{id}": {
      "get": {
        "tags": [
          "Users"
        ],
        "operationId": "Users_GetUser",
        "parameters": [
          {
            "name": "id",
            "in": "path",
            "required": true,
            "schema": {
              "type": "string",
              "nullable": true
            },
            "x-position": 1
          }
        ],
        "responses": {
          "200": {
            "description": "",
            "content": {
              "application/json": {
                "schema": {
                  "$ref": "#/components/schemas/UserDetailsVm"
                }
              }
            }
          }
        },
        "security": [
          {
            "JWT": []
          }
        ]
      },
      "put": {
        "tags": [
          "Users"
        ],
        "operationId": "Users_PutUser",
        "parameters": [
          {
            "name": "id",
            "in": "path",
            "required": true,
            "schema": {
              "type": "string",
              "nullable": true
            },
            "x-position": 1
          }
        ],
        "requestBody": {
          "x-name": "updatedUser",
          "content": {
            "application/json": {
              "schema": {
                "$ref": "#/components/schemas/UserDto"
              }
            }
          },
          "required": true,
          "x-position": 2
        },
        "responses": {
          "204": {
            "description": ""
          },
          "400": {
            "description": "",
            "content": {
              "application/json": {
                "schema": {
                  "$ref": "#/components/schemas/ProblemDetails"
                }
              }
            }
          }
        },
        "security": [
          {
            "JWT": []
          }
        ]
      }
    }
  },
  "components": {
    "schemas": {
      "CreateTodoItemRequest": {
        "type": "object",
        "additionalProperties": false,
        "properties": {
          "listId": {
            "type": "integer",
            "format": "int32"
          },
          "title": {
            "type": "string"
          }
        }
      },
      "ProblemDetails": {
        "type": "object",
        "additionalProperties": {
          "nullable": true
        },
        "properties": {
          "type": {
            "type": "string",
            "nullable": true
          },
          "title": {
            "type": "string",
            "nullable": true
          },
          "status": {
            "type": "integer",
            "format": "int32",
            "nullable": true
          },
          "detail": {
            "type": "string",
            "nullable": true
          },
          "instance": {
            "type": "string",
            "nullable": true
          }
        }
      },
      "UpdateTodoItemRequest": {
        "type": "object",
        "additionalProperties": false,
        "properties": {
          "id": {
            "type": "integer",
            "format": "int32"
          },
          "listId": {
            "type": "integer",
            "format": "int32"
          },
          "title": {
            "type": "string"
          },
          "done": {
            "type": "boolean"
          },
          "priority": {
            "type": "integer",
            "format": "int32"
          },
          "note": {
            "type": "string"
          }
        }
      },
      "TodosVm": {
        "type": "object",
        "additionalProperties": false,
        "properties": {
          "priorityLevels": {
            "type": "array",
            "items": {
              "$ref": "#/components/schemas/LookupDto"
            }
          },
          "lists": {
            "type": "array",
            "items": {
              "$ref": "#/components/schemas/TodoListDto"
            }
          }
        }
      },
      "LookupDto": {
        "type": "object",
        "additionalProperties": false,
        "properties": {
          "id": {
            "type": "integer",
            "format": "int32"
          },
          "title": {
            "type": "string"
          }
        }
      },
      "TodoListDto": {
        "type": "object",
        "additionalProperties": false,
        "properties": {
          "id": {
            "type": "integer",
            "format": "int32"
          },
          "title": {
            "type": "string"
          },
          "colour": {
            "type": "string"
          },
          "items": {
            "type": "array",
            "items": {
              "$ref": "#/components/schemas/TodoItemDto"
            }
          }
        }
      },
      "TodoItemDto": {
        "type": "object",
        "additionalProperties": false,
        "properties": {
          "id": {
            "type": "integer",
            "format": "int32"
          },
          "listId": {
            "type": "integer",
            "format": "int32"
          },
          "title": {
            "type": "string"
          },
          "done": {
            "type": "boolean"
          },
          "priority": {
            "type": "integer",
            "format": "int32"
          },
          "note": {
            "type": "string"
          }
        }
      },
      "CreateTodoListRequest": {
        "type": "object",
        "additionalProperties": false,
        "properties": {
          "title": {
            "type": "string"
          }
        }
      },
      "UpdateTodoListRequest": {
        "type": "object",
        "additionalProperties": false,
        "properties": {
          "id": {
            "type": "integer",
            "format": "int32"
          },
          "title": {
            "type": "string"
          }
        }
      },
      "WeatherForecast": {
        "type": "object",
        "additionalProperties": false,
        "properties": {
          "date": {
            "type": "string",
            "format": "date-time"
          },
          "temperatureC": {
            "type": "integer",
            "format": "int32"
          },
          "summary": {
            "type": "string"
          },
          "temperatureF": {
            "type": "integer",
            "format": "int32"
          }
        }
      },
      "AccessControlVm": {
        "type": "object",
        "additionalProperties": false,
        "properties": {
          "roles": {
            "type": "array",
            "items": {
              "$ref": "#/components/schemas/RoleDto"
            }
          },
          "availablePermissions": {
            "type": "array",
            "items": {
              "$ref": "#/components/schemas/Permissions"
            }
          }
        }
      },
      "RoleDto": {
        "type": "object",
        "additionalProperties": false,
        "properties": {
          "id": {
            "type": "string"
          },
          "name": {
            "type": "string"
          },
          "permissions": {
            "$ref": "#/components/schemas/Permissions"
          }
        }
      },
      "Permissions": {
        "type": "integer",
        "description": "",
        "x-enumFlags": true,
        "x-enumNames": [
          "None",
          "ViewRoles",
          "ManageRoles",
          "ViewUsers",
          "ManageUsers",
          "ConfigureAccessControl",
          "ViewAccessControl",
          "Counter",
          "Forecast",
          "Todo",
          "All"
        ],
        "enum": [
          0,
          1,
          2,
          4,
          8,
          16,
          32,
          64,
          128,
          256,
          -1
        ]
      },
      "RolesVm": {
        "type": "object",
        "additionalProperties": false,
        "properties": {
          "roles": {
            "type": "array",
            "items": {
              "$ref": "#/components/schemas/RoleDto"
            }
          }
        }
      },
      "UsersVm": {
        "type": "object",
        "additionalProperties": false,
        "properties": {
          "users": {
            "type": "array",
            "items": {
              "$ref": "#/components/schemas/UserDto"
            }
          }
        }
      },
      "UserDto": {
        "type": "object",
        "additionalProperties": false,
        "properties": {
          "id": {
            "type": "string"
          },
          "userName": {
            "type": "string"
          },
          "email": {
            "type": "string"
          },
          "roles": {
            "type": "array",
            "items": {
              "type": "string"
            }
          }
        }
      },
      "UserDetailsVm": {
        "type": "object",
        "additionalProperties": false,
        "properties": {
          "roles": {
            "type": "array",
            "items": {
              "$ref": "#/components/schemas/RoleDto"
            }
          },
          "user": {
            "$ref": "#/components/schemas/UserDto"
          }
        }
      }
    },
    "securitySchemes": {
      "JWT": {
        "type": "apiKey",
        "description": "Type into the textbox: Bearer {your JWT token}.",
        "name": "Authorization",
        "in": "header"
      }
    }
  },
  "security": [
    {
      "JWT": []
    }
  ]
}